
<repository lastmodified='20150409023139.301' name='Akana PSO API Gateway Extensions for API Hooks'>
  <resource id='com.akana.pso.apihooks.extensions/7.2.0' presentationname='Akana PSO API Gateway Extensions for API Hooks' symbolicname='com.akana.pso.apihooks.extensions' uri='file:com.akana.pso.apihooks.extensions_7.2.0.jar' version='7.2.0'>
    <description>
      Functional extensions to SOA API Gateway to support API Hooks.
       Install this feature in all containers that also have the
       SOA Network Director feature installed.
    </description>
    <size>
      51169
    </size>
    <category id='x-soa-plugin'/>
    <capability name='bundle'>
      <p n='manifestversion' v='2'/>
      <p n='presentationname' v='Akana PSO API Gateway Extensions for API Hooks'/>
      <p n='symbolicname' v='com.akana.pso.apihooks.extensions'/>
      <p n='version' t='version' v='7.2.0'/>
    </capability>
    <capability name='package'>
      <p n='package' v='com.akana.pso.apihook.extensions'/>
      <p n='version' t='version' v='7.2.0'/>
    </capability>
    <capability name='package'>
      <p n='package' v='com.akana.pso.apihook.extensions.policy'/>
      <p n='version' t='version' v='7.2.0'/>
    </capability>
    <capability name='package'>
      <p n='package' v='com.akana.pso.apihook.extensions.policy.model'/>
      <p n='version' t='version' v='7.2.0'/>
    </capability>
    <capability name='package'>
      <p n='package' v='com.akana.pso.apihook.extensions.simple.store'/>
      <p n='version' t='version' v='7.2.0'/>
    </capability>
    <require extend='false' filter='(&amp;(symbolicname=com.soa.client.uddi)(version&gt;=7.2.0))' multiple='false' name='bundle' optional='false'>
      Require Bundle com.soa.client.uddi; 7.2.0
    </require>
    <require extend='false' filter='(&amp;(package=com.digev.dems.common)(version&gt;=7.2.0))' multiple='false' name='package' optional='false'>
      Import package com.digev.dems.common ;version=7.2.0
    </require>
    <require extend='false' filter='(&amp;(package=com.digev.dems.common.security.util)(version&gt;=7.2.0))' multiple='false' name='package' optional='false'>
      Import package com.digev.dems.common.security.util ;version=7.2.0
    </require>
    <require extend='false' filter='(&amp;(package=com.digev.fw.exception)(version&gt;=7.2.0))' multiple='false' name='package' optional='false'>
      Import package com.digev.fw.exception ;version=7.2.0
    </require>
    <require extend='false' filter='(&amp;(package=com.digev.fw.log)(version&gt;=7.2.0))' multiple='false' name='package' optional='false'>
      Import package com.digev.fw.log ;version=7.2.0
    </require>
    <require extend='false' filter='(&amp;(package=com.soa.admin.service.tasks)(version&gt;=7.2.0))' multiple='false' name='package' optional='false'>
      Import package com.soa.admin.service.tasks ;version=7.2.0
    </require>
    <require extend='false' filter='(&amp;(package=com.soa.container.metadata.capability)(version&gt;=7.2.0))' multiple='false' name='package' optional='false'>
      Import package com.soa.container.metadata.capability ;version=7.2.0
    </require>
    <require extend='false' filter='(&amp;(package=com.soa.container.metadata.capability.spring)(version&gt;=7.2.0))' multiple='false' name='package' optional='false'>
      Import package com.soa.container.metadata.capability.spring
       ;version=7.2.0
    </require>
    <require extend='false' filter='(&amp;(package=com.soa.fw.cache)(version&gt;=7.2.0))' multiple='false' name='package' optional='false'>
      Import package com.soa.fw.cache ;version=7.2.0
    </require>
    <require extend='false' filter='(&amp;(package=com.soa.fw.util)(version&gt;=7.2.0))' multiple='false' name='package' optional='false'>
      Import package com.soa.fw.util ;version=7.2.0
    </require>
    <require extend='false' filter='(&amp;(package=com.soa.grid.cache)(version&gt;=7.2.0))' multiple='false' name='package' optional='false'>
      Import package com.soa.grid.cache ;version=7.2.0
    </require>
    <require extend='false' filter='(&amp;(package=com.soa.grid.cache.beans)(version&gt;=7.2.0))' multiple='false' name='package' optional='false'>
      Import package com.soa.grid.cache.beans ;version=7.2.0
    </require>
    <require extend='false' filter='(&amp;(package=com.soa.message)(version&gt;=7.2.0))' multiple='false' name='package' optional='false'>
      Import package com.soa.message ;version=7.2.0
    </require>
    <require extend='false' filter='(&amp;(package=com.soa.message.handler)(version&gt;=7.2.0))' multiple='false' name='package' optional='false'>
      Import package com.soa.message.handler ;version=7.2.0
    </require>
    <require extend='false' filter='(&amp;(package=com.soa.policy)(version&gt;=7.2.0))' multiple='false' name='package' optional='false'>
      Import package com.soa.policy ;version=7.2.0
    </require>
    <require extend='false' filter='(&amp;(package=com.soa.policy.template)(version&gt;=7.2.0))' multiple='false' name='package' optional='false'>
      Import package com.soa.policy.template ;version=7.2.0
    </require>
    <require extend='false' filter='(&amp;(package=com.soa.policy.wspolicy)(version&gt;=7.2.0))' multiple='false' name='package' optional='false'>
      Import package com.soa.policy.wspolicy ;version=7.2.0
    </require>
    <require extend='false' filter='(&amp;(package=com.soa.policy.wspolicy.handler)(version&gt;=7.2.0))' multiple='false' name='package' optional='false'>
      Import package com.soa.policy.wspolicy.handler ;version=7.2.0
    </require>
    <require extend='false' filter='(&amp;(package=com.soa.policy.wspolicy.handler.ext)(version&gt;=7.2.0))' multiple='false' name='package' optional='false'>
      Import package com.soa.policy.wspolicy.handler.ext ;version=7.2.0
    </require>
    <require extend='false' filter='(&amp;(package=com.soa.policy.wspolicy.util)(version&gt;=7.2.0))' multiple='false' name='package' optional='false'>
      Import package com.soa.policy.wspolicy.util ;version=7.2.0
    </require>
    <require extend='false' filter='(&amp;(package=com.soa.security)(version&gt;=7.2.0))' multiple='false' name='package' optional='false'>
      Import package com.soa.security ;version=7.2.0
    </require>
    <require extend='false' filter='(&amp;(package=com.soa.security.util)(version&gt;=7.2.0))' multiple='false' name='package' optional='false'>
      Import package com.soa.security.util ;version=7.2.0
    </require>
    <require extend='false' filter='(&amp;(package=com.soa.uddi)(version&gt;=7.2.2))' multiple='false' name='package' optional='false'>
      Import package com.soa.uddi ;version=7.2.2
    </require>
    <require extend='false' filter='(&amp;(package=com.soa.uddi.v3.model)(version&gt;=7.2.0))' multiple='false' name='package' optional='false'>
      Import package com.soa.uddi.v3.model ;version=7.2.0
    </require>
    <require extend='false' filter='(&amp;(package=com.soa.uddi.v3.wsdl)(version&gt;=7.2.0))' multiple='false' name='package' optional='false'>
      Import package com.soa.uddi.v3.wsdl ;version=7.2.0
    </require>
    <require extend='false' filter='(&amp;(package=com.soa.wsdl)(version&gt;=7.2.0))' multiple='false' name='package' optional='false'>
      Import package com.soa.wsdl ;version=7.2.0
    </require>
    <require extend='false' filter='(&amp;(package=javax.wsdl)(version&gt;=0.0.0))' multiple='false' name='package' optional='false'>
      Import package javax.wsdl
    </require>
    <require extend='false' filter='(&amp;(package=javax.xml.bind)(version&gt;=2.1.7))' multiple='false' name='package' optional='false'>
      Import package javax.xml.bind ;version=2.1.7
    </require>
    <require extend='false' filter='(&amp;(package=javax.xml.bind.annotation)(version&gt;=2.1.7))' multiple='false' name='package' optional='false'>
      Import package javax.xml.bind.annotation ;version=2.1.7
    </require>
    <require extend='false' filter='(&amp;(package=javax.xml.bind.annotation.adapters)(version&gt;=2.1.7))' multiple='false' name='package' optional='false'>
      Import package javax.xml.bind.annotation.adapters ;version=2.1.7
    </require>
    <require extend='false' filter='(&amp;(package=javax.xml.bind.helpers)(version&gt;=2.1.7))' multiple='false' name='package' optional='false'>
      Import package javax.xml.bind.helpers ;version=2.1.7
    </require>
    <require extend='false' filter='(&amp;(package=javax.xml.namespace)(version&gt;=0.0.0))' multiple='false' name='package' optional='false'>
      Import package javax.xml.namespace
    </require>
    <require extend='false' filter='(&amp;(package=javax.security.auth)(version&gt;=0.0.0))' multiple='false' name='package' optional='false'>
      Import package javax.security.auth
    </require>
    <require extend='false' filter='(&amp;(package=net.sf.ehcache)(version&gt;=0.0.0))' multiple='false' name='package' optional='false'>
      Import package net.sf.ehcache
    </require>
    <require extend='false' filter='(&amp;(package=net.sf.ehcache.config)(version&gt;=0.0.0))' multiple='false' name='package' optional='false'>
      Import package net.sf.ehcache.config
    </require>
    <require extend='false' filter='(&amp;(package=org.slf4j)(version&gt;=0.0.0))' multiple='false' name='package' optional='false'>
      Import package org.slf4j
    </require>
    <require extend='false' filter='(&amp;(package=org.springframework.beans.factory)(version&gt;=0.0.0))' multiple='false' name='package' optional='false'>
      Import package org.springframework.beans.factory
    </require>
    <require extend='false' filter='(&amp;(package=org.springframework.context)(version&gt;=0.0.0))' multiple='false' name='package' optional='false'>
      Import package org.springframework.context
    </require>
    <require extend='false' filter='(&amp;(package=org.springframework.context.support)(version&gt;=0.0.0))' multiple='false' name='package' optional='false'>
      Import package org.springframework.context.support
    </require>
    <require extend='false' filter='(&amp;(package=org.w3c.dom)(version&gt;=0.0.0))' multiple='false' name='package' optional='false'>
      Import package org.w3c.dom
    </require>
    <require extend='false' filter='(&amp;(package=org.xml.sax)(version&gt;=0.0.0))' multiple='false' name='package' optional='false'>
      Import package org.xml.sax
    </require>
  </resource>
</repository>