<?xml version="1.0" encoding="UTF-8"?>
<VirtualServiceConfiguration LastUpdated="1431956841878" ServiceName="ns13:Twitter_API_vs0" xmlns="http://soa.com/capabilities/service/virtualization/bpel" xmlns:ns10="http://schemas.xmlsoap.org/ws/2003/03/business-process/" xmlns:ns11="http://soa.com/bpel/ext" xmlns:ns12="http://schemas.xmlsoap.org/ws/2003/05/partner-link/" xmlns:ns13="https://api.twitter.com/1.1/" xmlns:ns2="http://schemas.xmlsoap.org/ws/2006/02/addressingidentity" xmlns:ns3="http://www.w3.org/2000/09/xmldsig#" xmlns:ns4="http://docs.oasis-open.org/wss/2004/01/oasis-200401-wss-wssecurity-secext-1.0.xsd" xmlns:ns5="http://docs.oasis-open.org/wss/2004/01/oasis-200401-wss-wssecurity-utility-1.0.xsd" xmlns:ns6="http://schemas.xmlsoap.org/ws/2004/09/mex" xmlns:ns7="http://soa.com/capabilities/service/virtualization/bpel/activity" xmlns:ns8="http://www.w3.org/2001/04/xmlenc#" xmlns:ns9="http://federatedgovernance.org/mc/configuration/x509"><OutboundIdentityConfig><UseInboundIdentities xmlns:xs="http://www.w3.org/2001/XMLSchema" xmlns:xsi="http://www.w3.org/2001/XMLSchema-instance" xsi:type="xs:boolean">true</UseInboundIdentities><UseServiceIdentityForHTTPS>false</UseServiceIdentityForHTTPS></OutboundIdentityConfig><PolicyImplementationConfig><ImplementPolicies>true</ImplementPolicies></PolicyImplementationConfig><OperationImplementation InterfaceName="ns13:Twitter_API_PortType" LastUpdated="1431956838820" OperationName="GET__account_settings_mediaTypeExtension_"><Process/><BindingHeaderInstructions/><TransportHeaderInstructions><PreserveTransportHeaders>true</PreserveTransportHeaders></TransportHeaderInstructions></OperationImplementation><OperationImplementation InterfaceName="ns13:Twitter_API_PortType" LastUpdated="1431956838875" OperationName="GET__account_verify_credentials_mediaTypeExtension_"><Process/><BindingHeaderInstructions/><TransportHeaderInstructions><PreserveTransportHeaders>true</PreserveTransportHeaders></TransportHeaderInstructions></OperationImplementation><OperationImplementation InterfaceName="ns13:Twitter_API_PortType" LastUpdated="1431956838918" OperationName="GET__application_rate_limit_status_mediaTypeExtension_"><Process/><BindingHeaderInstructions/><TransportHeaderInstructions><PreserveTransportHeaders>true</PreserveTransportHeaders></TransportHeaderInstructions></OperationImplementation><OperationImplementation InterfaceName="ns13:Twitter_API_PortType" LastUpdated="1431956838968" OperationName="GET__blocks_ids_mediaTypeExtension_"><Process/><BindingHeaderInstructions/><TransportHeaderInstructions><PreserveTransportHeaders>true</PreserveTransportHeaders></TransportHeaderInstructions></OperationImplementation><OperationImplementation InterfaceName="ns13:Twitter_API_PortType" LastUpdated="1431956839006" OperationName="GET__blocks_list_mediaTypeExtension_"><Process/><BindingHeaderInstructions/><TransportHeaderInstructions><PreserveTransportHeaders>true</PreserveTransportHeaders></TransportHeaderInstructions></OperationImplementation><OperationImplementation InterfaceName="ns13:Twitter_API_PortType" LastUpdated="1431956839046" OperationName="GET__direct_messages_mediaTypeExtension_"><Process/><BindingHeaderInstructions/><TransportHeaderInstructions><PreserveTransportHeaders>true</PreserveTransportHeaders></TransportHeaderInstructions></OperationImplementation><OperationImplementation InterfaceName="ns13:Twitter_API_PortType" LastUpdated="1431956839087" OperationName="GET__direct_messages_mediaTypeExtension__sent_mediaTypeExtension_"><Process/><BindingHeaderInstructions/><TransportHeaderInstructions><PreserveTransportHeaders>true</PreserveTransportHeaders></TransportHeaderInstructions></OperationImplementation><OperationImplementation InterfaceName="ns13:Twitter_API_PortType" LastUpdated="1431956839122" OperationName="GET__direct_messages_mediaTypeExtension__show_mediaTypeExtension_"><Process/><BindingHeaderInstructions/><TransportHeaderInstructions><PreserveTransportHeaders>true</PreserveTransportHeaders></TransportHeaderInstructions></OperationImplementation><OperationImplementation InterfaceName="ns13:Twitter_API_PortType" LastUpdated="1431956839157" OperationName="GET__favorites_list_mediaTypeExtension_"><Process/><BindingHeaderInstructions/><TransportHeaderInstructions><PreserveTransportHeaders>true</PreserveTransportHeaders></TransportHeaderInstructions></OperationImplementation><OperationImplementation InterfaceName="ns13:Twitter_API_PortType" LastUpdated="1431956839195" OperationName="GET__followers_ids_mediaTypeExtension_"><Process/><BindingHeaderInstructions/><TransportHeaderInstructions><PreserveTransportHeaders>true</PreserveTransportHeaders></TransportHeaderInstructions></OperationImplementation><OperationImplementation InterfaceName="ns13:Twitter_API_PortType" LastUpdated="1431956839235" OperationName="GET__followers_list_mediaTypeExtension_"><Process/><BindingHeaderInstructions/><TransportHeaderInstructions><PreserveTransportHeaders>true</PreserveTransportHeaders></TransportHeaderInstructions></OperationImplementation><OperationImplementation InterfaceName="ns13:Twitter_API_PortType" LastUpdated="1431956839276" OperationName="GET__friends_ids_mediaTypeExtension_"><Process/><BindingHeaderInstructions/><TransportHeaderInstructions><PreserveTransportHeaders>true</PreserveTransportHeaders></TransportHeaderInstructions></OperationImplementation><OperationImplementation InterfaceName="ns13:Twitter_API_PortType" LastUpdated="1431956839322" OperationName="GET__friends_list_mediaTypeExtension_"><Process/><BindingHeaderInstructions/><TransportHeaderInstructions><PreserveTransportHeaders>true</PreserveTransportHeaders></TransportHeaderInstructions></OperationImplementation><OperationImplementation InterfaceName="ns13:Twitter_API_PortType" LastUpdated="1431956839357" OperationName="GET__friendships_mediaTypeExtension__incoming_mediaTypeExtension_"><Process/><BindingHeaderInstructions/><TransportHeaderInstructions><PreserveTransportHeaders>true</PreserveTransportHeaders></TransportHeaderInstructions></OperationImplementation><OperationImplementation InterfaceName="ns13:Twitter_API_PortType" LastUpdated="1431956839392" OperationName="GET__friendships_mediaTypeExtension__lookup_mediaTypeExtension_"><Process/><BindingHeaderInstructions/><TransportHeaderInstructions><PreserveTransportHeaders>true</PreserveTransportHeaders></TransportHeaderInstructions></OperationImplementation><OperationImplementation InterfaceName="ns13:Twitter_API_PortType" LastUpdated="1431956839425" OperationName="GET__friendships_mediaTypeExtension__no_retweets_ids_mediaTypeExtension_"><Process/><BindingHeaderInstructions/><TransportHeaderInstructions><PreserveTransportHeaders>true</PreserveTransportHeaders></TransportHeaderInstructions></OperationImplementation><OperationImplementation InterfaceName="ns13:Twitter_API_PortType" LastUpdated="1431956839458" OperationName="GET__friendships_mediaTypeExtension__outgoing_mediaTypeExtension_"><Process/><BindingHeaderInstructions/><TransportHeaderInstructions><PreserveTransportHeaders>true</PreserveTransportHeaders></TransportHeaderInstructions></OperationImplementation><OperationImplementation InterfaceName="ns13:Twitter_API_PortType" LastUpdated="1431956839490" OperationName="GET__friendships_mediaTypeExtension__show_mediaTypeExtension_"><Process/><BindingHeaderInstructions/><TransportHeaderInstructions><PreserveTransportHeaders>true</PreserveTransportHeaders></TransportHeaderInstructions></OperationImplementation><OperationImplementation InterfaceName="ns13:Twitter_API_PortType" LastUpdated="1431956839527" OperationName="GET__geo_id__place_id__mediaTypeExtension_"><Process/><BindingHeaderInstructions/><TransportHeaderInstructions><PreserveTransportHeaders>true</PreserveTransportHeaders></TransportHeaderInstructions></OperationImplementation><OperationImplementation InterfaceName="ns13:Twitter_API_PortType" LastUpdated="1431956839560" OperationName="GET__geo_reverse_geocode_mediaTypeExtension_"><Process/><BindingHeaderInstructions/><TransportHeaderInstructions><PreserveTransportHeaders>true</PreserveTransportHeaders></TransportHeaderInstructions></OperationImplementation><OperationImplementation InterfaceName="ns13:Twitter_API_PortType" LastUpdated="1431956839595" OperationName="GET__geo_search_mediaTypeExtension_"><Process/><BindingHeaderInstructions/><TransportHeaderInstructions><PreserveTransportHeaders>true</PreserveTransportHeaders></TransportHeaderInstructions></OperationImplementation><OperationImplementation InterfaceName="ns13:Twitter_API_PortType" LastUpdated="1431956839628" OperationName="GET__geo_similar_places_mediaTypeExtension_"><Process/><BindingHeaderInstructions/><TransportHeaderInstructions><PreserveTransportHeaders>true</PreserveTransportHeaders></TransportHeaderInstructions></OperationImplementation><OperationImplementation InterfaceName="ns13:Twitter_API_PortType" LastUpdated="1431956839662" OperationName="GET__help_configuration_mediaTypeExtension_"><Process/><BindingHeaderInstructions/><TransportHeaderInstructions><PreserveTransportHeaders>true</PreserveTransportHeaders></TransportHeaderInstructions></OperationImplementation><OperationImplementation InterfaceName="ns13:Twitter_API_PortType" LastUpdated="1431956839694" OperationName="GET__help_languages_mediaTypeExtension_"><Process/><BindingHeaderInstructions/><TransportHeaderInstructions><PreserveTransportHeaders>true</PreserveTransportHeaders></TransportHeaderInstructions></OperationImplementation><OperationImplementation InterfaceName="ns13:Twitter_API_PortType" LastUpdated="1431956839726" OperationName="GET__help_privacy_mediaTypeExtension_"><Process/><BindingHeaderInstructions/><TransportHeaderInstructions><PreserveTransportHeaders>true</PreserveTransportHeaders></TransportHeaderInstructions></OperationImplementation><OperationImplementation InterfaceName="ns13:Twitter_API_PortType" LastUpdated="1431956839760" OperationName="GET__help_tos_mediaTypeExtension_"><Process/><BindingHeaderInstructions/><TransportHeaderInstructions><PreserveTransportHeaders>true</PreserveTransportHeaders></TransportHeaderInstructions></OperationImplementation><OperationImplementation InterfaceName="ns13:Twitter_API_PortType" LastUpdated="1431956839791" OperationName="GET__lists_list_mediaTypeExtension_"><Process/><BindingHeaderInstructions/><TransportHeaderInstructions><PreserveTransportHeaders>true</PreserveTransportHeaders></TransportHeaderInstructions></OperationImplementation><OperationImplementation InterfaceName="ns13:Twitter_API_PortType" LastUpdated="1431956839823" OperationName="GET__lists_memberships_mediaTypeExtension_"><Process/><BindingHeaderInstructions/><TransportHeaderInstructions><PreserveTransportHeaders>true</PreserveTransportHeaders></TransportHeaderInstructions></OperationImplementation><OperationImplementation InterfaceName="ns13:Twitter_API_PortType" LastUpdated="1431956839855" OperationName="GET__lists_members_mediaTypeExtension_"><Process/><BindingHeaderInstructions/><TransportHeaderInstructions><PreserveTransportHeaders>true</PreserveTransportHeaders></TransportHeaderInstructions></OperationImplementation><OperationImplementation InterfaceName="ns13:Twitter_API_PortType" LastUpdated="1431956839887" OperationName="GET__lists_members_mediaTypeExtension__show_mediaTypeExtension_"><Process/><BindingHeaderInstructions/><TransportHeaderInstructions><PreserveTransportHeaders>true</PreserveTransportHeaders></TransportHeaderInstructions></OperationImplementation><OperationImplementation InterfaceName="ns13:Twitter_API_PortType" LastUpdated="1431956839919" OperationName="GET__lists_ownerships_mediaTypeExtension_"><Process/><BindingHeaderInstructions/><TransportHeaderInstructions><PreserveTransportHeaders>true</PreserveTransportHeaders></TransportHeaderInstructions></OperationImplementation><OperationImplementation InterfaceName="ns13:Twitter_API_PortType" LastUpdated="1431956839952" OperationName="GET__lists_show_mediaTypeExtension_"><Process/><BindingHeaderInstructions/><TransportHeaderInstructions><PreserveTransportHeaders>true</PreserveTransportHeaders></TransportHeaderInstructions></OperationImplementation><OperationImplementation InterfaceName="ns13:Twitter_API_PortType" LastUpdated="1431956839987" OperationName="GET__lists_statuses_mediaTypeExtension_"><Process/><BindingHeaderInstructions/><TransportHeaderInstructions><PreserveTransportHeaders>true</PreserveTransportHeaders></TransportHeaderInstructions></OperationImplementation><OperationImplementation InterfaceName="ns13:Twitter_API_PortType" LastUpdated="1431956840025" OperationName="GET__lists_subscribers_mediaTypeExtension_"><Process/><BindingHeaderInstructions/><TransportHeaderInstructions><PreserveTransportHeaders>true</PreserveTransportHeaders></TransportHeaderInstructions></OperationImplementation><OperationImplementation InterfaceName="ns13:Twitter_API_PortType" LastUpdated="1431956840058" OperationName="GET__lists_subscribers_mediaTypeExtension__show"><Process/><BindingHeaderInstructions/><TransportHeaderInstructions><PreserveTransportHeaders>true</PreserveTransportHeaders></TransportHeaderInstructions></OperationImplementation><OperationImplementation InterfaceName="ns13:Twitter_API_PortType" LastUpdated="1431956840090" OperationName="GET__lists_subscriptions_mediaTypeExtension_"><Process/><BindingHeaderInstructions/><TransportHeaderInstructions><PreserveTransportHeaders>true</PreserveTransportHeaders></TransportHeaderInstructions></OperationImplementation><OperationImplementation InterfaceName="ns13:Twitter_API_PortType" LastUpdated="1431956840120" OperationName="GET__saved_searches_list_mediaTypeExtension_"><Process/><BindingHeaderInstructions/><TransportHeaderInstructions><PreserveTransportHeaders>true</PreserveTransportHeaders></TransportHeaderInstructions></OperationImplementation><OperationImplementation InterfaceName="ns13:Twitter_API_PortType" LastUpdated="1431956840153" OperationName="GET__saved_searches_show__id_"><Process/><BindingHeaderInstructions/><TransportHeaderInstructions><PreserveTransportHeaders>true</PreserveTransportHeaders></TransportHeaderInstructions></OperationImplementation><OperationImplementation InterfaceName="ns13:Twitter_API_PortType" LastUpdated="1431956840183" OperationName="GET__search_tweets_mediaTypeExtension_"><Process/><BindingHeaderInstructions/><TransportHeaderInstructions><PreserveTransportHeaders>true</PreserveTransportHeaders></TransportHeaderInstructions></OperationImplementation><OperationImplementation InterfaceName="ns13:Twitter_API_PortType" LastUpdated="1431956840217" OperationName="GET__statuses_firehose_mediaTypeExtension_"><Process/><BindingHeaderInstructions/><TransportHeaderInstructions><PreserveTransportHeaders>true</PreserveTransportHeaders></TransportHeaderInstructions></OperationImplementation><OperationImplementation InterfaceName="ns13:Twitter_API_PortType" LastUpdated="1431956840260" OperationName="GET__statuses_home_timeline_mediaTypeExtension_"><Process/><BindingHeaderInstructions/><TransportHeaderInstructions><PreserveTransportHeaders>true</PreserveTransportHeaders></TransportHeaderInstructions></OperationImplementation><OperationImplementation InterfaceName="ns13:Twitter_API_PortType" LastUpdated="1431956840297" OperationName="GET__statuses_mentions_timeline_mediaTypeExtension_"><Process/><BindingHeaderInstructions/><TransportHeaderInstructions><PreserveTransportHeaders>true</PreserveTransportHeaders></TransportHeaderInstructions></OperationImplementation><OperationImplementation InterfaceName="ns13:Twitter_API_PortType" LastUpdated="1431956840333" OperationName="GET__statuses_oembed_mediaTypeExtension_"><Process/><BindingHeaderInstructions/><TransportHeaderInstructions><PreserveTransportHeaders>true</PreserveTransportHeaders></TransportHeaderInstructions></OperationImplementation><OperationImplementation InterfaceName="ns13:Twitter_API_PortType" LastUpdated="1431956840364" OperationName="GET__statuses_retweeters_ids_mediaTypeExtension_"><Process/><BindingHeaderInstructions/><TransportHeaderInstructions><PreserveTransportHeaders>true</PreserveTransportHeaders></TransportHeaderInstructions></OperationImplementation><OperationImplementation InterfaceName="ns13:Twitter_API_PortType" LastUpdated="1431956840397" OperationName="GET__statuses_retweets__id__mediaTypeExtension_"><Process/><BindingHeaderInstructions/><TransportHeaderInstructions><PreserveTransportHeaders>true</PreserveTransportHeaders></TransportHeaderInstructions></OperationImplementation><OperationImplementation InterfaceName="ns13:Twitter_API_PortType" LastUpdated="1431956840428" OperationName="GET__statuses_retweets_of_me_mediaTypeExtension_"><Process/><BindingHeaderInstructions/><TransportHeaderInstructions><PreserveTransportHeaders>true</PreserveTransportHeaders></TransportHeaderInstructions></OperationImplementation><OperationImplementation InterfaceName="ns13:Twitter_API_PortType" LastUpdated="1431956840461" OperationName="GET__statuses_sample_mediaTypeExtension_"><Process/><BindingHeaderInstructions/><TransportHeaderInstructions><PreserveTransportHeaders>true</PreserveTransportHeaders></TransportHeaderInstructions></OperationImplementation><OperationImplementation InterfaceName="ns13:Twitter_API_PortType" LastUpdated="1431956840493" OperationName="GET__statuses_show__id__mediaTypeExtension_"><Process/><BindingHeaderInstructions/><TransportHeaderInstructions><PreserveTransportHeaders>true</PreserveTransportHeaders></TransportHeaderInstructions></OperationImplementation><OperationImplementation InterfaceName="ns13:Twitter_API_PortType" LastUpdated="1431956840552" OperationName="GET__statuses_user_timeline_mediaTypeExtension_"><Process/><BindingHeaderInstructions><PreserveBindingHeaders>false</PreserveBindingHeaders></BindingHeaderInstructions><TransportHeaderInstructions><PreserveTransportHeaders>true</PreserveTransportHeaders></TransportHeaderInstructions></OperationImplementation><OperationImplementation InterfaceName="ns13:Twitter_API_PortType" LastUpdated="1431956840586" OperationName="GET__trends_available_mediaTypeExtension_"><Process/><BindingHeaderInstructions/><TransportHeaderInstructions><PreserveTransportHeaders>true</PreserveTransportHeaders></TransportHeaderInstructions></OperationImplementation><OperationImplementation InterfaceName="ns13:Twitter_API_PortType" LastUpdated="1431956840618" OperationName="GET__trends_closest_mediaTypeExtension_"><Process/><BindingHeaderInstructions/><TransportHeaderInstructions><PreserveTransportHeaders>true</PreserveTransportHeaders></TransportHeaderInstructions></OperationImplementation><OperationImplementation InterfaceName="ns13:Twitter_API_PortType" LastUpdated="1431956840649" OperationName="GET__trends_place_mediaTypeExtension_"><Process/><BindingHeaderInstructions/><TransportHeaderInstructions><PreserveTransportHeaders>true</PreserveTransportHeaders></TransportHeaderInstructions></OperationImplementation><OperationImplementation InterfaceName="ns13:Twitter_API_PortType" LastUpdated="1431956840681" OperationName="GET__users_contributees_mediaTypeExtension_"><Process/><BindingHeaderInstructions/><TransportHeaderInstructions><PreserveTransportHeaders>true</PreserveTransportHeaders></TransportHeaderInstructions></OperationImplementation><OperationImplementation InterfaceName="ns13:Twitter_API_PortType" LastUpdated="1431956840711" OperationName="GET__users_contributors_mediaTypeExtension_"><Process/><BindingHeaderInstructions/><TransportHeaderInstructions><PreserveTransportHeaders>true</PreserveTransportHeaders></TransportHeaderInstructions></OperationImplementation><OperationImplementation InterfaceName="ns13:Twitter_API_PortType" LastUpdated="1431956840739" OperationName="GET__users_lookup_mediaTypeExtension_"><Process/><BindingHeaderInstructions/><TransportHeaderInstructions><PreserveTransportHeaders>true</PreserveTransportHeaders></TransportHeaderInstructions></OperationImplementation><OperationImplementation InterfaceName="ns13:Twitter_API_PortType" LastUpdated="1431956840765" OperationName="GET__users_profile_banner_mediaTypeExtension_"><Process/><BindingHeaderInstructions/><TransportHeaderInstructions><PreserveTransportHeaders>true</PreserveTransportHeaders></TransportHeaderInstructions></OperationImplementation><OperationImplementation InterfaceName="ns13:Twitter_API_PortType" LastUpdated="1431956840796" OperationName="GET__users_search_mediaTypeExtension_"><Process/><BindingHeaderInstructions/><TransportHeaderInstructions><PreserveTransportHeaders>true</PreserveTransportHeaders></TransportHeaderInstructions></OperationImplementation><OperationImplementation InterfaceName="ns13:Twitter_API_PortType" LastUpdated="1431956840823" OperationName="GET__users_show_mediaTypeExtension_"><Process/><BindingHeaderInstructions/><TransportHeaderInstructions><PreserveTransportHeaders>true</PreserveTransportHeaders></TransportHeaderInstructions></OperationImplementation><OperationImplementation InterfaceName="ns13:Twitter_API_PortType" LastUpdated="1431956840850" OperationName="GET__users_suggestions_mediaTypeExtension_"><Process/><BindingHeaderInstructions/><TransportHeaderInstructions><PreserveTransportHeaders>true</PreserveTransportHeaders></TransportHeaderInstructions></OperationImplementation><OperationImplementation InterfaceName="ns13:Twitter_API_PortType" LastUpdated="1431956840877" OperationName="GET__users_suggestions_mediaTypeExtension___slug__mediaTypeExtension_"><Process/><BindingHeaderInstructions/><TransportHeaderInstructions><PreserveTransportHeaders>true</PreserveTransportHeaders></TransportHeaderInstructions></OperationImplementation><OperationImplementation InterfaceName="ns13:Twitter_API_PortType" LastUpdated="1431956840903" OperationName="GET__users_suggestions_mediaTypeExtension___slug__mediaTypeExtension__members_mediaTypeExtension_"><Process/><BindingHeaderInstructions/><TransportHeaderInstructions><PreserveTransportHeaders>true</PreserveTransportHeaders></TransportHeaderInstructions></OperationImplementation><OperationImplementation InterfaceName="ns13:Twitter_API_PortType" LastUpdated="1431956840930" OperationName="POST__account_remove_profile_banner_mediaTypeExtension_"><Process/><BindingHeaderInstructions/><TransportHeaderInstructions><PreserveTransportHeaders>true</PreserveTransportHeaders></TransportHeaderInstructions></OperationImplementation><OperationImplementation InterfaceName="ns13:Twitter_API_PortType" LastUpdated="1431956840956" OperationName="POST__account_settings_mediaTypeExtension_"><Process/><BindingHeaderInstructions/><TransportHeaderInstructions><PreserveTransportHeaders>true</PreserveTransportHeaders></TransportHeaderInstructions></OperationImplementation><OperationImplementation InterfaceName="ns13:Twitter_API_PortType" LastUpdated="1431956840982" OperationName="POST__account_update_delivery_device_mediaTypeExtension_"><Process/><BindingHeaderInstructions/><TransportHeaderInstructions><PreserveTransportHeaders>true</PreserveTransportHeaders></TransportHeaderInstructions></OperationImplementation><OperationImplementation InterfaceName="ns13:Twitter_API_PortType" LastUpdated="1431956841021" OperationName="POST__account_update_profile_background_image_mediaTypeExtension_"><Process/><BindingHeaderInstructions/><TransportHeaderInstructions><PreserveTransportHeaders>true</PreserveTransportHeaders></TransportHeaderInstructions></OperationImplementation><OperationImplementation InterfaceName="ns13:Twitter_API_PortType" LastUpdated="1431956841048" OperationName="POST__account_update_profile_banner_mediaTypeExtension_"><Process/><BindingHeaderInstructions/><TransportHeaderInstructions><PreserveTransportHeaders>true</PreserveTransportHeaders></TransportHeaderInstructions></OperationImplementation><OperationImplementation InterfaceName="ns13:Twitter_API_PortType" LastUpdated="1431956841075" OperationName="POST__account_update_profile_colors_mediaTypeExtension_"><Process/><BindingHeaderInstructions/><TransportHeaderInstructions><PreserveTransportHeaders>true</PreserveTransportHeaders></TransportHeaderInstructions></OperationImplementation><OperationImplementation InterfaceName="ns13:Twitter_API_PortType" LastUpdated="1431956841102" OperationName="POST__account_update_profile_image_mediaTypeExtension_"><Process/><BindingHeaderInstructions/><TransportHeaderInstructions><PreserveTransportHeaders>true</PreserveTransportHeaders></TransportHeaderInstructions></OperationImplementation><OperationImplementation InterfaceName="ns13:Twitter_API_PortType" LastUpdated="1431956841130" OperationName="POST__account_update_profile_mediaTypeExtension_"><Process/><BindingHeaderInstructions/><TransportHeaderInstructions><PreserveTransportHeaders>true</PreserveTransportHeaders></TransportHeaderInstructions></OperationImplementation><OperationImplementation InterfaceName="ns13:Twitter_API_PortType" LastUpdated="1431956841159" OperationName="POST__blocks_create_mediaTypeExtension_"><Process/><BindingHeaderInstructions/><TransportHeaderInstructions><PreserveTransportHeaders>true</PreserveTransportHeaders></TransportHeaderInstructions></OperationImplementation><OperationImplementation InterfaceName="ns13:Twitter_API_PortType" LastUpdated="1431956841199" OperationName="POST__blocks_destroy_mediaTypeExtension_"><Process/><BindingHeaderInstructions/><TransportHeaderInstructions><PreserveTransportHeaders>true</PreserveTransportHeaders></TransportHeaderInstructions></OperationImplementation><OperationImplementation InterfaceName="ns13:Twitter_API_PortType" LastUpdated="1431956841229" OperationName="POST__direct_messages_mediaTypeExtension__destroy_mediaTypeExtension_"><Process/><BindingHeaderInstructions/><TransportHeaderInstructions><PreserveTransportHeaders>true</PreserveTransportHeaders></TransportHeaderInstructions></OperationImplementation><OperationImplementation InterfaceName="ns13:Twitter_API_PortType" LastUpdated="1431956841258" OperationName="POST__direct_messages_mediaTypeExtension__new_mediaTypeExtension_"><Process/><BindingHeaderInstructions/><TransportHeaderInstructions><PreserveTransportHeaders>true</PreserveTransportHeaders></TransportHeaderInstructions></OperationImplementation><OperationImplementation InterfaceName="ns13:Twitter_API_PortType" LastUpdated="1431956841285" OperationName="POST__favorites_create_mediaTypeExtension_"><Process/><BindingHeaderInstructions/><TransportHeaderInstructions><PreserveTransportHeaders>true</PreserveTransportHeaders></TransportHeaderInstructions></OperationImplementation><OperationImplementation InterfaceName="ns13:Twitter_API_PortType" LastUpdated="1431956841311" OperationName="POST__favorites_destroy_mediaTypeExtension_"><Process/><BindingHeaderInstructions/><TransportHeaderInstructions><PreserveTransportHeaders>true</PreserveTransportHeaders></TransportHeaderInstructions></OperationImplementation><OperationImplementation InterfaceName="ns13:Twitter_API_PortType" LastUpdated="1431956841337" OperationName="POST__friendships_mediaTypeExtension__create_mediaTypeExtension_"><Process/><BindingHeaderInstructions/><TransportHeaderInstructions><PreserveTransportHeaders>true</PreserveTransportHeaders></TransportHeaderInstructions></OperationImplementation><OperationImplementation InterfaceName="ns13:Twitter_API_PortType" LastUpdated="1431956841363" OperationName="POST__friendships_mediaTypeExtension__destroy_mediaTypeExtension_"><Process/><BindingHeaderInstructions/><TransportHeaderInstructions><PreserveTransportHeaders>true</PreserveTransportHeaders></TransportHeaderInstructions></OperationImplementation><OperationImplementation InterfaceName="ns13:Twitter_API_PortType" LastUpdated="1431956841391" OperationName="POST__friendships_mediaTypeExtension__update_mediaTypeExtension_"><Process/><BindingHeaderInstructions/><TransportHeaderInstructions><PreserveTransportHeaders>true</PreserveTransportHeaders></TransportHeaderInstructions></OperationImplementation><OperationImplementation InterfaceName="ns13:Twitter_API_PortType" LastUpdated="1431956841417" OperationName="POST__geo_place_mediaTypeExtension_"><Process/><BindingHeaderInstructions/><TransportHeaderInstructions><PreserveTransportHeaders>true</PreserveTransportHeaders></TransportHeaderInstructions></OperationImplementation><OperationImplementation InterfaceName="ns13:Twitter_API_PortType" LastUpdated="1431956841443" OperationName="POST__lists_create_mediaTypeExtension_"><Process/><BindingHeaderInstructions/><TransportHeaderInstructions><PreserveTransportHeaders>true</PreserveTransportHeaders></TransportHeaderInstructions></OperationImplementation><OperationImplementation InterfaceName="ns13:Twitter_API_PortType" LastUpdated="1431956841469" OperationName="POST__lists_destroy_mediaTypeExtension_"><Process/><BindingHeaderInstructions/><TransportHeaderInstructions><PreserveTransportHeaders>true</PreserveTransportHeaders></TransportHeaderInstructions></OperationImplementation><OperationImplementation InterfaceName="ns13:Twitter_API_PortType" LastUpdated="1431956841495" OperationName="POST__lists_members_destroy_all_mediaTypeExtension_"><Process/><BindingHeaderInstructions/><TransportHeaderInstructions><PreserveTransportHeaders>true</PreserveTransportHeaders></TransportHeaderInstructions></OperationImplementation><OperationImplementation InterfaceName="ns13:Twitter_API_PortType" LastUpdated="1431956841521" OperationName="POST__lists_members_mediaTypeExtension__create"><Process/><BindingHeaderInstructions/><TransportHeaderInstructions><PreserveTransportHeaders>true</PreserveTransportHeaders></TransportHeaderInstructions></OperationImplementation><OperationImplementation InterfaceName="ns13:Twitter_API_PortType" LastUpdated="1431956841552" OperationName="POST__lists_members_mediaTypeExtension__create_all_mediaTypeExtension_"><Process/><BindingHeaderInstructions/><TransportHeaderInstructions><PreserveTransportHeaders>true</PreserveTransportHeaders></TransportHeaderInstructions></OperationImplementation><OperationImplementation InterfaceName="ns13:Twitter_API_PortType" LastUpdated="1431956841578" OperationName="POST__lists_members_mediaTypeExtension__destroy_mediaTypeExtension_"><Process/><BindingHeaderInstructions/><TransportHeaderInstructions><PreserveTransportHeaders>true</PreserveTransportHeaders></TransportHeaderInstructions></OperationImplementation><OperationImplementation InterfaceName="ns13:Twitter_API_PortType" LastUpdated="1431956841604" OperationName="POST__lists_subscribers_mediaTypeExtension__create"><Process/><BindingHeaderInstructions/><TransportHeaderInstructions><PreserveTransportHeaders>true</PreserveTransportHeaders></TransportHeaderInstructions></OperationImplementation><OperationImplementation InterfaceName="ns13:Twitter_API_PortType" LastUpdated="1431956841630" OperationName="POST__lists_subscribers_mediaTypeExtension__destroy"><Process/><BindingHeaderInstructions/><TransportHeaderInstructions><PreserveTransportHeaders>true</PreserveTransportHeaders></TransportHeaderInstructions></OperationImplementation><OperationImplementation InterfaceName="ns13:Twitter_API_PortType" LastUpdated="1431956841667" OperationName="POST__lists_update_mediaTypeExtension_"><Process/><BindingHeaderInstructions/><TransportHeaderInstructions><PreserveTransportHeaders>true</PreserveTransportHeaders></TransportHeaderInstructions></OperationImplementation><OperationImplementation InterfaceName="ns13:Twitter_API_PortType" LastUpdated="1431956841693" OperationName="POST__saved_searches_create_mediaTypeExtension_"><Process/><BindingHeaderInstructions/><TransportHeaderInstructions><PreserveTransportHeaders>true</PreserveTransportHeaders></TransportHeaderInstructions></OperationImplementation><OperationImplementation InterfaceName="ns13:Twitter_API_PortType" LastUpdated="1431956841720" OperationName="POST__saved_searches_destroy__id_"><Process/><BindingHeaderInstructions/><TransportHeaderInstructions><PreserveTransportHeaders>true</PreserveTransportHeaders></TransportHeaderInstructions></OperationImplementation><OperationImplementation InterfaceName="ns13:Twitter_API_PortType" LastUpdated="1431956841746" OperationName="POST__statuses_destroy__id__mediaTypeExtension_"><Process/><BindingHeaderInstructions/><TransportHeaderInstructions><PreserveTransportHeaders>true</PreserveTransportHeaders></TransportHeaderInstructions></OperationImplementation><OperationImplementation InterfaceName="ns13:Twitter_API_PortType" LastUpdated="1431956841772" OperationName="POST__statuses_filter_mediaTypeExtension_"><Process/><BindingHeaderInstructions/><TransportHeaderInstructions><PreserveTransportHeaders>true</PreserveTransportHeaders></TransportHeaderInstructions></OperationImplementation><OperationImplementation InterfaceName="ns13:Twitter_API_PortType" LastUpdated="1431956841798" OperationName="POST__statuses_retweet__id__mediaTypeExtension_"><Process/><BindingHeaderInstructions/><TransportHeaderInstructions><PreserveTransportHeaders>true</PreserveTransportHeaders></TransportHeaderInstructions></OperationImplementation><OperationImplementation InterfaceName="ns13:Twitter_API_PortType" LastUpdated="1431956841825" OperationName="POST__statuses_update_with_media_mediaTypeExtension_"><Process/><BindingHeaderInstructions/><TransportHeaderInstructions><PreserveTransportHeaders>true</PreserveTransportHeaders></TransportHeaderInstructions></OperationImplementation><OperationImplementation InterfaceName="ns13:Twitter_API_PortType" LastUpdated="1431956841851" OperationName="POST__statuses_update_mediaTypeExtension_"><Process/><BindingHeaderInstructions/><TransportHeaderInstructions><PreserveTransportHeaders>true</PreserveTransportHeaders></TransportHeaderInstructions></OperationImplementation><OperationImplementation InterfaceName="ns13:Twitter_API_PortType" LastUpdated="1431956841878" OperationName="POST__users_report_spam_mediaTypeExtension_"><Process/><BindingHeaderInstructions/><TransportHeaderInstructions><PreserveTransportHeaders>true</PreserveTransportHeaders></TransportHeaderInstructions></OperationImplementation></VirtualServiceConfiguration>