
<repository lastmodified='20150409023250.616' name='Akama PSO Persistence Feature'>
  <resource id='com.akana.pso.persistence/7.2.0' presentationname='Akana PSO Persistence Layer' symbolicname='com.akana.pso.persistence' uri='file:com.akana.pso.persistence_7.2.0.jar' version='7.2.0'>
    <description>
      The Akana Professional Services Persistence Layer. Install
       this feature in all containers that also have the Policy Manager
       Services or Management Services feature installed.
    </description>
    <size>
      25794
    </size>
    <category id='x-soa-plugin'/>
    <capability name='bundle'>
      <p n='manifestversion' v='2'/>
      <p n='presentationname' v='Akana PSO Persistence Layer'/>
      <p n='symbolicname' v='com.akana.pso.persistence'/>
      <p n='version' t='version' v='7.2.0'/>
    </capability>
    <capability name='package'>
      <p n='package' v='com.akana.pso.persistence'/>
      <p n='version' t='version' v='7.2.0'/>
    </capability>
    <capability name='package'>
      <p n='package' v='com.akana.pso.persistence.impl'/>
      <p n='version' t='version' v='7.2.0'/>
    </capability>
    <capability name='package'>
      <p n='package' v='com.akana.pso.persistence.model'/>
      <p n='version' t='version' v='7.2.0'/>
    </capability>
    <require extend='false' filter='(&amp;(symbolicname=com.soa.jaxrs)(version&gt;=7.2.0))' multiple='false' name='bundle' optional='false'>
      Require Bundle com.soa.jaxrs; 7.2.0
    </require>
    <require extend='false' filter='(&amp;(package=com.digev.fw.database)(version&gt;=7.2.0))' multiple='false' name='package' optional='false'>
      Import package com.digev.fw.database ;version=7.2.0
    </require>
    <require extend='false' filter='(&amp;(package=com.digev.fw.exception)(version&gt;=7.2.0))' multiple='false' name='package' optional='false'>
      Import package com.digev.fw.exception ;version=7.2.0
    </require>
    <require extend='false' filter='(&amp;(package=com.digev.fw.log)(version&gt;=7.2.0))' multiple='false' name='package' optional='false'>
      Import package com.digev.fw.log ;version=7.2.0
    </require>
    <require extend='false' filter='(&amp;(package=com.soa.admin.service.tasks)(version&gt;=7.2.0))' multiple='false' name='package' optional='false'>
      Import package com.soa.admin.service.tasks ;version=7.2.0
    </require>
    <require extend='false' filter='(&amp;(package=com.soa.admin.service.tasktemplate)(version&gt;=7.2.0))' multiple='false' name='package' optional='false'>
      Import package com.soa.admin.service.tasktemplate ;version=7.2.0
    </require>
    <require extend='false' filter='(&amp;(package=com.soa.admin.service.tasktemplate.impl)(version&gt;=7.2.0))' multiple='false' name='package' optional='false'>
      Import package com.soa.admin.service.tasktemplate.impl ;version=7.2.0
    </require>
    <require extend='false' filter='(&amp;(package=com.soa.comp.sequencer)(version&gt;=7.2.0))' multiple='false' name='package' optional='false'>
      Import package com.soa.comp.sequencer ;version=7.2.0
    </require>
    <require extend='false' filter='(&amp;(package=com.soa.database.install)(version&gt;=7.2.0))' multiple='false' name='package' optional='false'>
      Import package com.soa.database.install ;version=7.2.0
    </require>
    <require extend='false' filter='(&amp;(package=com.soa.database.schema)(version&gt;=7.2.0))' multiple='false' name='package' optional='false'>
      Import package com.soa.database.schema ;version=7.2.0
    </require>
    <require extend='false' filter='(&amp;(package=com.soa.fw.dao)(version&gt;=7.2.0))' multiple='false' name='package' optional='false'>
      Import package com.soa.fw.dao ;version=7.2.0
    </require>
    <require extend='false' filter='(&amp;(package=com.soa.jaxrs.annotations)(version&gt;=7.2.0))' multiple='false' name='package' optional='false'>
      Import package com.soa.jaxrs.annotations ;version=7.2.0
    </require>
    <require extend='false' filter='(&amp;(package=com.soa.uddi)(version&gt;=7.2.0))' multiple='false' name='package' optional='false'>
      Import package com.soa.uddi ;version=7.2.0
    </require>
    <require extend='false' filter='(&amp;(package=javax.ws.rs)(version&gt;=0.0.0))' multiple='false' name='package' optional='false'>
      Import package javax.ws.rs
    </require>
    <require extend='false' filter='(&amp;(package=javax.ws.rs.core)(version&gt;=0.0.0))' multiple='false' name='package' optional='false'>
      Import package javax.ws.rs.core
    </require>
    <require extend='false' filter='(&amp;(package=javax.xml.bind)(version&gt;=2.1.7))' multiple='false' name='package' optional='false'>
      Import package javax.xml.bind ;version=2.1.7
    </require>
    <require extend='false' filter='(&amp;(package=javax.xml.bind.annotation)(version&gt;=2.1.7))' multiple='false' name='package' optional='false'>
      Import package javax.xml.bind.annotation ;version=2.1.7
    </require>
    <require extend='false' filter='(&amp;(package=javax.xml.bind.annotation.adapters)(version&gt;=2.1.7))' multiple='false' name='package' optional='false'>
      Import package javax.xml.bind.annotation.adapters ;version=2.1.7
    </require>
    <require extend='false' filter='(&amp;(package=org.aopalliance.aop)(version&gt;=0.0.0))' multiple='false' name='package' optional='false'>
      Import package org.aopalliance.aop
    </require>
    <require extend='false' filter='(&amp;(package=org.springframework.aop)(version&gt;=0.0.0))' multiple='false' name='package' optional='false'>
      Import package org.springframework.aop
    </require>
    <require extend='false' filter='(&amp;(package=org.springframework.aop.framework)(version&gt;=0.0.0))' multiple='false' name='package' optional='false'>
      Import package org.springframework.aop.framework
    </require>
    <require extend='false' filter='(&amp;(package=org.springframework.aop.framework.autoproxy)(version&gt;=0.0.0))' multiple='false' name='package' optional='false'>
      Import package org.springframework.aop.framework.autoproxy
    </require>
    <require extend='false' filter='(&amp;(package=org.springframework.transaction)(version&gt;=0.0.0))' multiple='false' name='package' optional='false'>
      Import package org.springframework.transaction
    </require>
    <require extend='false' filter='(&amp;(package=org.springframework.transaction.interceptor)(version&gt;=0.0.0))' multiple='false' name='package' optional='false'>
      Import package org.springframework.transaction.interceptor
    </require>
    <require extend='false' filter='(&amp;(package=org.w3c.dom)(version&gt;=0.0.0))' multiple='false' name='package' optional='false'>
      Import package org.w3c.dom
    </require>
  </resource>
</repository>