<?xml version="1.0" encoding="UTF-8"?>
<process name="POST__lists_create_mediaTypeExtension_" ns2:processKey="bpel:2fb319cc-fa7d-11e4-91d6-a23b01d6a37b" targetNamespace="https://api.twitter.com/1.1/" xmlns="http://schemas.xmlsoap.org/ws/2003/03/business-process/" xmlns:ns10="http://soa.com/capabilities/service/virtualization/bpel/activity" xmlns:ns2="http://soa.com/bpel/ext" xmlns:ns3="http://soa.com/capabilities/service/virtualization/bpel" xmlns:ns4="http://schemas.xmlsoap.org/ws/2006/02/addressingidentity" xmlns:ns5="http://www.w3.org/2000/09/xmldsig#" xmlns:ns6="http://docs.oasis-open.org/wss/2004/01/oasis-200401-wss-wssecurity-secext-1.0.xsd" xmlns:ns7="http://docs.oasis-open.org/wss/2004/01/oasis-200401-wss-wssecurity-utility-1.0.xsd" xmlns:ns8="http://schemas.xmlsoap.org/ws/2004/09/mex" xmlns:ns9="http://schemas.xmlsoap.org/ws/2003/05/partner-link/"><ns9:partnerLinkType name="Twitter_API_PortTypeProvider"><ns9:role name="Provider"><ns9:portType name="ns11:Twitter_API_PortType" xmlns:ns11="https://api.twitter.com/1.1/"/></ns9:role></ns9:partnerLinkType><ns9:partnerLinkType name="Twitter_API_PortTypeConsumer"><ns9:role name="Consumer"><ns9:portType name="ns11:Twitter_API_PortType" xmlns:ns11="https://api.twitter.com/1.1/"/></ns9:role></ns9:partnerLinkType><partnerLinks><partnerLink myRole="Provider" name="initial" partnerLinkType="ns11:Twitter_API_PortTypeProvider" xmlns:ns11="https://api.twitter.com/1.1/"/><partnerLink myRole="Consumer" name="nextHop" partnerLinkType="ns11:Twitter_API_PortTypeConsumer" xmlns:ns11="https://api.twitter.com/1.1/"/></partnerLinks><variables><variable messageType="ns11:ActivityMessage" name="message" xmlns:ns11="http://soa.com/process/activity"/><variable messageType="ns11:ActivityMessage" name="fault" xmlns:ns11="http://soa.com/process/activity"/></variables><faultHandlers><catchAll><sequence><reply faultName="ns2:ExistingFault" name="FaultReply" operation="POST__lists_create_mediaTypeExtension_" partnerLink="initial" portType="ns11:Twitter_API_PortType" variable="fault" xmlns:ns11="https://api.twitter.com/1.1/"/></sequence></catchAll></faultHandlers><sequence><receive createInstance="yes" name="Receive" operation="POST__lists_create_mediaTypeExtension_" partnerLink="initial" portType="ns11:Twitter_API_PortType" variable="message" xmlns:ns11="https://api.twitter.com/1.1/"/><invoke inputVariable="message" name="Invoke" operation="POST__lists_create_mediaTypeExtension_" outputVariable="message" partnerLink="nextHop" portType="ns11:Twitter_API_PortType" xmlns:ns11="https://api.twitter.com/1.1/"><ns2:InvocationExt service="ns11:Twitter_API"/></invoke><reply name="Reply" operation="POST__lists_create_mediaTypeExtension_" partnerLink="initial" portType="ns11:Twitter_API_PortType" variable="message" xmlns:ns11="https://api.twitter.com/1.1/"/></sequence></process>