<wsp:Policy xmlns:wsp="http://schemas.xmlsoap.org/ws/2004/09/policy" 
            xmlns:var="http://pso.akana.com/apihook/policy/variables/1.0/"
            visibility="private">
	<var:VariablesPolicy >
		<var:Namespace name="AADI.SalesForce">
			<var:NameValue name="oauth.client_id">3MVG99OxTyEMCQ3jqko6Vn.EFlCUOiuLJaIvyiI61deC2bUyEONkQihaamXyxnrI5cWl.NoU..k_VWiDWBMCq</var:NameValue>
			<!-- 3757125345894418914 -->
			<var:NameValue name="oauth.client_secret" encrypted="true">eUClmDh8BzrmQt0EfC0TCU4fJBnhezPm</var:NameValue>
		<var:Namespace name="AADI.MailGun" user="Local Domain\laura">
			<!-- pubkey-e2c7d7ffa55c378b43d980edf11b7591 -->
			<var:NameValue name="cred.api_key" encrypted="true">fAK1HYGZcO7A9CXw/C3sSxnFqNKD+Tb15t4vAq6f79d9/n4pQAYjcg==</var:NameValue>
		</var:Namespace>
		</var:Namespace>
		<var:Namespace name="AADI.SmartyStreet">
			<var:NameValue name="cred.auth-id">6723aa52-979e-4408-a39e-0faf5982c10b</var:NameValue>
			<!-- UbPFazbCOZ7TOt3LdMcV -->
			<var:NameValue name="cred.auth-token" encrypted="true">3nDyGg+da/w8Xcsr0yEAMWdhKga34VNv</var:NameValue>
		</var:Namespace>
	    <var:ForceLogging>true</var:ForceLogging>
	</var:VariablesPolicy>
</wsp:Policy>
